Dealership Name,Website,City
Beaverton Kia,https://www.beavertonkia.com/,Beaverton
Beaverton Honda,https://www.beavertonhonda.com/,Beaverton
Beaverton Hyundai,https://www.beavertonhyundai.com/,Beaverton
Beaverton Nissan,https://www.beavertonnissan.com/,Beaverton
Beaverton Toyota,https://www.beavertontoyota.com/,Beaverton
Damerow Ford,https://www.damerowford.com/,Beaverton
Northwest Jeep Chrysler Dodge Ram,https://www.nwjeep.com/,Beaverton
Buick GMC of Beaverton,https://www.beavertongmc.com/,Beaverton
Herzog-Meier Auto Center (VW/Mazda),https://www.herzogmeier.com/,Beaverton
Herzog-Meier Volvo Cars,https://www.beavertonvolvocars.com/,Beaverton
Carr Subaru,https://www.carrsubaru.com/,Beaverton
Carr Chevrolet,https://www.carrchevrolet.com/,Beaverton
Audi Beaverton,https://www.audibeaverton.com/,Beaverton
Porsche Beaverton,https://beaverton.porsche.com/,Beaverton
Beaverton INFINITI,https://www.beavertoninfiniti.com/,Portland (Beaverton area)
Royal Moore Subaru,https://www.royalmooresubaru.net/,Hillsboro
Royal Moore Mazda,https://www.royalmooremazda.com/,Hillsboro
Royal Moore Toyota,https://www.royalmooretoyota.com/,Hillsboro
Dick's Hillsboro Honda,https://www.dickshillsborohonda.com/,Hillsboro
Dick's Hillsboro Hyundai,https://www.dickshillsborohyundai.com/,Hillsboro
Tonkin Hillsboro Ford,https://www.tonkinford.com/,Hillsboro
Tonkin Hillsboro Chevrolet,https://www.tonkinhillsborochevrolet.com/,Hillsboro
Tonkin Hillsboro CDJR,https://www.tonkinhillsborocjdr.com/,Hillsboro
Tonkin Gladstone Hyundai,https://www.tonkingladstonehyundai.com/,Gladstone
Ron Tonkin Kia,https://www.rontonkinkia.com/,Gladstone
Toyota of Gladstone,https://www.toyotaofgladstone.com/,Gladstone
Gladstone Mitsubishi,https://www.gladstonemitsubishi.com/,Gladstone
Armstrong Volkswagen,https://www.armstrongvw.com/,Gladstone
Mazda of Gladstone,https://www.mazdaofgladstone.com/,Gladstone
Swickard Honda,https://www.swickardhonda.com/,Gladstone
Dick Hannah Nissan,https://www.dickhannahnissan.com/,Gladstone
Auto Town Buick GMC,https://www.autotowngmc.com/,Gladstone
McLoughlin Chevrolet,https://www.mcloughlinchevy.com/,Gladstone
Toyota of Portland,https://www.toyotaofportland.com/,Portland
Dick Hannah VW of Portland,https://www.vwofportland.com/,Portland
Tonkin Mazda of Portland,https://www.rontonkinmazda.com/,Portland
Ron Tonkin Toyota,https://www.tonkintoyota.com/,Portland
Ron Tonkin Chevrolet,https://www.tonkinchevrolet.com/,Portland
Ron Tonkin Acura,https://www.rontonkinacura.com/,Portland
Kia of Portland,https://www.kiaofportland.com/,Portland
BMW of Portland,https://www.bmwofportland.com/,Portland
Mercedes-Benz of Portland,https://www.mercedesbenzportland.com/,Portland
Jim Fisher Volvo Cars,https://www.jimfishervolvocars.com/,Portland
Subaru of Portland,https://www.subaruofportland.com/,Portland
Lexus of Portland,https://www.lexusofportland.com/,Portland
Acura of Portland,https://www.acuraofportland.com/,Portland
Land Rover Portland,https://www.landroverportland.com/,Portland
Jaguar Portland,https://www.jaguarportland.com/,Portland
MINI of Portland,https://www.miniportland.com/,Portland
Genesis of Portland,https://www.portlandgenesis.com/,Portland
Cadillac of Portland,https://www.cadillacportland.com/,Portland
Courtesy Lincoln,https://www.courtesylincolnportland.com/,Portland
Courtesy Ford,https://www.courtesyford.com/,Portland
Nissan of Portland,https://www.nissanofportland.com/,Portland
Gresham Subaru,https://www.greshamsubaru.com/,Gresham
Gresham Ford,https://www.greshamford.com/,Gresham
Gresham Toyota,https://www.greshamtoyota.com/,Gresham
Ron Tonkin Hyundai,https://www.rontonkinhyundai.com/,Gresham
Wilsonville Toyota,https://www.wilsonvilletoyota.com/,Wilsonville
Wilsonville Chevrolet,https://www.wilsonvillechevrolet.com/,Wilsonville
Tonkin Wilsonville Nissan,https://www.tonkinwilsonvillenissan.com/,Wilsonville
Mercedes-Benz of Wilsonville,https://www.mercedesbenzwilsonville.com/,Wilsonville
Wilsonville Honda,https://www.wilsonvillehonda.com/,Wilsonville
Audi Wilsonville,https://www.audiwilsonville.com/,Wilsonville

